mean,std
0.3379165144392,0.1551666638862759
0.6140804865893,0.34309643537351125
